Troop,Focal.Lemur,Species,Sex,Month,Day,Year,Time,Category,Note
P,Rico,Emon,M,6,16,2022,10:43:07,L G LH,Rico leaps to a branch and grabs it with his left hand first
P,Rico,Emon,M,6,16,2022,10:48:44,L G LH,Rico leaps and grabs the branch with his left hand first
P,Rico,Emon,M,6,28,2022,9:07:43,L G LH,Leap and grasp branch with left hand on top
P,Carolina,Emon,F,6,28,2022,9:57:25,L G LH,Leap to bamboo branch holding it with left hand on top.
P,Carolina,Emon,F,6,28,2022,10:11:30,L G LH,Leap to bamboo branch holding it with left hand on top.
P,Carolina,Emon,F,6,28,2022,10:49:26,L G LH,Leap to bamboo tree with left hand on top
X,Licinius,Lcat,M,6,29,2022,9:07:42,L G LH,Grasp tree with left hand on top.
P,Rico,Emon,M,6,16,2022,10:46:23,L G RH,Rico leaps to branch and grabs it with his left hand first
P,Rico,Emon,M,6,16,2022,10:52:03,L G RH,Rico leaps and grabs the branch with his right hand first
P,Rico,Emon,M,6,16,2022,10:56:00,L G RH,Rico leaps and grabs the branch with his right hand first
P,Rico,Emon,M,6,16,2022,10:59:30,L G RH,Rico leaps and grabs the branch with his right hand first
P,Rico,Emon,M,6,28,2022,9:14:14,L G RH,Leap to branch. Grasp with right hand on top.
P,Carolina,Emon,F,6,28,2022,9:58:52,L G RH,Leap to bamboo branch holding it with right hand on top. Does this twice.
P,Carolina,Emon,F,6,28,2022,9:59:46,L G RH,Leap to bamboo branch holding it with right hand on top.
P,Carolina,Emon,F,6,28,2022,10:43:48,L G RH,Moving accross bamboo with right hand on top.
P,Carolina,Emon,F,6,28,2022,10:44:16,L G RH,Moving accross bamboo with right hand on top.
P,Rico,Emon,M,6,16,2022,10:52:23,G LH,Rico grabs a branch with his left hand
P,Carolina,Emon,F,6,23,2022,8:37:50,G LH,Grab branch with left hand first
P,Carolina,Emon,F,6,23,2022,8:41:31,G LH,"Leap to branch, grabbing it with left hand on top"
Furia,Furia,Pcoq,F,6,24,2022,8:44:32,G LH,Leap and grasp branch with left hand on top
Furia,Furia,Pcoq,F,6,24,2022,8:45:46,G LH,Leap to branch. Grasps branch with left hand on top.
Maddie,Duggan,Emon,M,6,24,2022,10:37:46,G LH,Duggan leaps to branch in enclosure. He grabs it with his left hand first.
M,Sophia,Lcat,F,6,27,2022,8:44:01,G LH,Grab branch in outdoor cage with right hand
M,Randy,Lcat,M,6,27,2022,9:32:44,G LH,Grasp fence with left hand
Furia,Furia,Pcoq,F,6,27,2022,11:32:54,G LH,Grasp branch with left hand
P,Rico,Emon,M,6,28,2022,9:05:07,G LH,Take pine needle out of water bowl with left hand
P,Rico,Emon,M,6,28,2022,9:06:08,G LH,"Take pine needle out of water bowl eith left hand, then use right hand"
P,Rico,Emon,M,6,28,2022,9:30:12,G LH,Grasp silverberry branch with left hand. Hold tree with 3 other limbs.
X,Licinius,Lcat,M,6,29,2022,8:52:56,G LH,Grasp tree with left hand on top
Furia,Thrax,Pcoq,M,7,1,2022,9:27:19,G LH,Grasp fence mesh with left hand on top. Grasping with all 4 limbs
Furia,Thrax,Pcoq,M,7,1,2022,9:30:58,G LH,Grasp wall with left hand on top (cling with all 4 limbs). Stop at 9:31:35
Furia,Thrax,Pcoq,M,7,1,2022,9:43:42,G LH,Cling to pole with all 4 limbs. Left hand on top
Furia,Furia,Pcoq,F,7,1,2022,9:52:49,G LH,Grasp pole with left hand on top. Sitting and holding pole with all limbs except for right hand.
Furia,Furia,Pcoq,F,7,1,2022,9:57:49,G LH,Sit and grasp pole with all 4 limbs. Left hand on top. Stop at 9:59:08
Furia,Furia,Pcoq,F,7,1,2022,10:00:56,G LH,Sit and grasp pole with just left hand. Stop at 10:01:48
Furia,Furia,Pcoq,F,7,1,2022,10:02:50,G LH,Grasp pole with left hand on top. Sitting and holding onto pole with all 4 limbs. Stop at 10:03:25
Furia,Thrax,Pcoq,M,7,6,2022,8:38:30,G LH,Grasp pole with all 4 limbs. Left hand top.
N,Rupert,Pcoq,M,7,6,2022,8:50:46,G LH,"Grasp mesh wall with left hand. 3 limbs, right hand free. Stop at 8:51:18"
N,Rupert,Pcoq,M,7,6,2022,9:03:30,G LH,Grasp mesh with all 4 limbs. Left hand on top. Stop at 9:03:53
N,Rupert,Pcoq,M,7,6,2022,9:14:36,G LH,Switch stick to being in left hand
Maddie,Duggan,Emon,M,7,8,2022,10:20:50,G LH,"Grasp chow with left hand, then immedately switch to right"
N,Rupert,Pcoq,M,7,12,2022,9:05:02,G LH,Grasp onto mesh with 3 limbs (no right hand). Left hand on top.
N,Rupert,Pcoq,M,7,12,2022,9:27:09,G LH,Grasp onto branch with just left hand. Feet are resting on a lower branch.
N,Rupert,Pcoq,M,7,12,2022,9:37:38,G LH,Grasp branch with just left hand. Feet are resting on a lower branch.
N,Rupert,Pcoq,M,7,12,2022,10:11:13,G LH,Grasp onto mesh with 3 limbs (no right hand). Left hand on top.
N,Gisela,Pcoq,M,7,13,2022,8:17:46,G LH,Grasp pole with 3 limbs (no right hand) left hand on top.
N,Gisela,Pcoq,M,7,13,2022,8:18:56,G LH,"Grasp structure with all 4 limbs, right hand on top"
N,Gisela,Pcoq,M,7,13,2022,8:28:18,G LH,"Grasp onto pole with all 4 limbs, left hand on top. Stop at 8:24:29"
N,Gisela,Pcoq,M,7,13,2022,8:32:44,G LH,Grasp structure with 3 limbs (no right hand) left hand on top. Stop at 8:38:00
N,Gisela,Pcoq,M,7,13,2022,9:04:32,G LH,"Grasp branch with all 4 limbs, left hand on top"
N,Gisela,Pcoq,M,7,13,2022,9:43:17,G LH,Pick up cardboard with left hand.
N,Gisela,Pcoq,M,7,14,2022,9:35:08,G LH,Grasp onto mesh wall with left hand
N,Gisela,Pcoq,M,7,14,2022,9:56:21,G LH,Grasp onto mesh wall with just left hand
N,Gisela,Pcoq,M,7,14,2022,9:57:15,G LH,Grasp onto mesh wall with just left hand
N,Gisela,Pcoq,M,7,14,2022,10:06:19,G LH,Grasp onto mesh with 3 limbs (no right hand). Stop at 10:06:50
P,Rico,Emon,M,6,16,2022,11:08:38,L RH,Rico leaps and grabs branch with his right hand first. He lept a little slower than usual so his branch grab was very clear this time!
X,Licinius,Lcat,M,6,29,2022,9:28:45,L RH,Climb up tree with right hand on top.
P,Carolina,Emon,F,6,30,2022,8:37:22,L RH,Leap 4 times from tree-to-tree with right hand on top
P,Carolina,Emon,F,6,30,2022,8:42:44,L RH,Moving down tree with right hand on top
Furia,Thrax,Pcoq,M,7,6,2022,7:42:47,L RH,Locomoting with right hand first. Crawling across ledge.
P,Rico,Emon,M,6,16,2022,11:15:19,G E RH,Rico picks up food from bowl and eats it out of his right hand
P,Rico,Emon,M,6,16,2022,11:33:37,G E RH,Rico picks up food and eats it from his right hand
P,Rico,Emon,M,6,16,2022,11:34:58,G E RH,Rico picks up food and eats it from his right hand
P,Rico,Emon,M,6,16,2022,11:38:27,G E RH,Rico grabs food and eats it using his right hand
Maddie,Maddie,Emon,F,6,29,2022,10:48:50,G E RH,Grasp and eat chow with right hand.
P,Rico,Emon,M,6,16,2022,11:17:39,HO E RH,Rico holds food (cucumber slice) in right hand and eats it from his right hand
P,Rico,Emon,M,6,16,2022,11:23:00,E LH,Rico eats chow from his left hand
P,Rico,Emon,M,6,16,2022,11:24:32,E LH,Rico eats chow from his left hand
P,Rico,Emon,M,6,16,2022,11:28:21,E LH,Rico eats diet from left hand
P,Rico,Emon,M,6,16,2022,11:29:40,E LH,Rico switches the food to his left hand and eats out of his left hand.
Maddie,Duggan,Emon,M,6,24,2022,10:43:50,E LH,Duggan eats spinach out of his left hand.
Furia,Thrax,Pcoq,M,6,24,2022,11:01:57,E LH,Thrax eats chow from his left hand. He's locked in the CSB.
Furia,Thrax,Pcoq,M,6,24,2022,11:06:23,E LH,Thrax eat diet out of left hand.
Furia,Thrax,Pcoq,M,6,24,2022,11:10:13,E LH,Eat peanut out of left hand
Furia,Thrax,Pcoq,M,6,24,2022,11:19:50,E LH,Eat lettuce from left hand.
Furia,Thrax,Pcoq,M,6,24,2022,11:20:40,E LH,Eat chow from left hand. Stop at 11:21:02
Furia,Thrax,Pcoq,M,6,24,2022,11:21:22,E LH,Eat diet out of left hand. Stop at 11:21:34
Furia,Thrax,Pcoq,M,6,24,2022,11:22:16,E LH,Eats with left hand
Furia,Thrax,Pcoq,M,6,24,2022,11:23:37,E LH,Eats out of left hand
Furia,Thrax,Pcoq,M,6,24,2022,11:24:10,E LH,"Grabs food from bowl with left hand, then puts some in right hand."
Furia,Thrax,Pcoq,M,6,24,2022,11:26:47,E LH,Eat lettuce from left hand
Furia,Thrax,Pcoq,M,6,24,2022,11:28:02,E LH,Eat lettuce from left hand
Furia,Furia,Pcoq,F,6,27,2022,11:33:34,E LH,Eat leaves from left hand. Stop at 11:35:37
Maddie,Maddie,Emon,F,6,28,2022,15:01:21,E LH,Eat banana slice with left hand
P,Carolina,Emon,F,6,30,2022,8:55:54,E LH,Eat unknown berry with left hand
Furia,Furia,Pcoq,F,7,1,2022,10:51:40,E LH,Eat peanut with left hand (from diet)
N,Licinius,Lcat,M,7,5,2022,8:38:48,E LH,Eat with left hand
N,Licinius,Lcat,M,7,5,2022,8:39:39,E LH,Eat with left hand
N,Licinius,Lcat,M,7,5,2022,8:55:05,E LH,Eat unknown leaves with left hand
N,Sierra Mist,Lcat,F,7,5,2022,10:18:44,E LH,Eat unknown grass with left hand
Furia,Thrax,Pcoq,M,7,6,2022,8:33:29,E LH,unknown leaves through fence. Stop at 8:33:54
N,Rupert,Pcoq,M,7,6,2022,9:33:59,E LH,Eat lettuce with left hand
N,Rupert,Pcoq,M,7,6,2022,9:34:12,E LH,Eat lettuce with left hand
Maddie,Duggan,Emon,M,7,8,2022,10:06:12,E LH,Eat pineapple (from diet) with left hand
Maddie,Duggan,Emon,M,7,8,2022,10:07:45,E LH,Eat sweet potato (from diet) with left hand
N,Rupert,Pcoq,M,7,12,2022,9:00:16,E LH,Eat lettuce from diet with left hand
N,Rupert,Pcoq,M,7,12,2022,9:01:14,E LH,Eat chow from left hand
N,Rupert,Pcoq,M,7,12,2022,9:03:24,E LH,Eat lettuce from diet with left hand
N,Rupert,Pcoq,M,7,12,2022,9:05:47,E LH,Eat cucumber from diet with left hand
N,Rupert,Pcoq,M,7,12,2022,9:18:29,E LH,Eat chow from left hand
N,Rupert,Pcoq,M,7,12,2022,9:22:39,E LH,Eat kale from diet with left hand
N,Gisela,Pcoq,M,7,13,2022,8:05:09,E LH,Eat chow with left hand
N,Gisela,Pcoq,M,7,14,2022,9:30:53,E LH,Eat chow from left hand
P,Rico,Emon,M,6,16,2022,11:29:40,F RH,Rico fishes around food bowl with right hand and picks up a piece of food. 
X,Sierra Mist,Lcat,F,6,22,2022,7:26:20,F RH,Sierra Mist forages (locust plant). She is grabbing the plant with her right hand on top.
X,Sierra Mist,Lcat,F,6,22,2022,8:12:50,F RH,Forages with right hand
X,Sierra Mist,Lcat,F,6,22,2022,8:16:43,F RH,Forages with right hand
X,Sierra Mist,Lcat,F,6,22,2022,8:18:45,F RH,Forages with right hand
X,Licinius,Lcat,M,6,22,2022,9:29:50,F RH,Forage with right hand
X,Licinius,Lcat,M,6,22,2022,9:33:45,F RH,Forage with right hand
P,Carolina,Emon,F,6,23,2022,8:32:57,F RH,Forage with right hand (silverberry)
P,Carolina,Emon,F,6,23,2022,8:33:29,F RH,Forage with right hand (silverberry)
P,Carolina,Emon,F,6,23,2022,8:38:07,F RH,Forage with right hand
P,Carolina,Emon,F,6,23,2022,8:39:57,F RH,"Forages with right hand (doesn't eat, but grabs branch as if she's going to forage)"
P,Carolina,Emon,F,6,23,2022,8:51:59,F RH,Forage with right hand (maple)
Furia,Thrax,Pcoq,M,6,24,2022,11:35:28,F RH,Forages unknown grass with rght hand
Furia,Thrax,Pcoq,M,6,24,2022,11:39:31,F RH,Forages dog fennel with right hand
Furia,Thrax,Pcoq,M,6,24,2022,11:41:20,F RH,Forages dog fennel with right hand
Furia,Thrax,Pcoq,M,6,24,2022,11:45:46,F RH,Forages dog fennel with right hand
Furia,Thrax,Pcoq,M,6,24,2022,11:47:22,F RH,Forages dog fennel with right hand
M,Sophia,Lcat,F,6,27,2022,9:12:59,F RH,Randy forage for pine needles with right hand
N,Licinius,Lcat,M,7,5,2022,8:58:30,F RH,Forage with right hand
N,Licinius,Lcat,M,7,5,2022,9:01:40,F RH,Forage with right hand
P,Rico,Emon,M,6,16,2022,11:34:23,G E LH,Rico picks up food and eats it with his left hand
P,Rico,Emon,M,6,16,2022,11:36:43,F RH?,"Rico fishes for food with right hand, but then switches the food to his left hand"
P,Rico,Emon,M,6,16,2022,11:37:14,E RH?,"Rico fishes through bowl and eats from his right hand, then switches the food to his left hand"
M,Sophia,Lcat,F,6,21,2022,9:25:12,G RH,Sophia grasps structure starting with right hand
M,Sophia,Lcat,F,6,21,2022,9:52:56,G RH,Sophia climbs down starting with her right hand
X,Sierra Mist,Lcat,F,6,22,2022,7:59:52,G RH,Sierra goes to lower tree limb. She holds onto the tree limb with her right hand.
X,Licinius,Lcat,M,6,22,2022,9:28:51,G RH,Grasp branch with right hand on top
X,Licinius,Lcat,M,6,22,2022,10:02:29,G RH,Grasp branch with right hand on top
P,Carolina,Emon,F,6,23,2022,8:32:36,G RH,Grasp branch with right hand
P,Carolina,Emon,F,6,23,2022,8:48:00,G RH,"Leap to branch, grabbing it with right hand on top"
P,Carolina,Emon,F,6,23,2022,9:11:03,G RH,Grasp branch with right hadn
P,Carolina,Emon,F,6,23,2022,9:23:09,G RH,"Leap to other branch, grasping it with right hand first"
P,Carolina,Emon,F,6,23,2022,9:26:18,G RH,"Leap to branch, grasping it with right hand first (right hand is on top)"
Furia,Furia,Pcoq,F,6,24,2022,9:09:00,G RH,Leap to branch. Grasp with right hand on top.
Furia,Furia,Pcoq,F,6,24,2022,9:30:16,G RH,Leap and grasp branch with right hand first.
Maddie,Duggan,Emon,M,6,24,2022,10:38:08,G RH,Duggan grabs his swing with his left hand first
Maddie,Duggan,Emon,M,6,24,2022,10:38:38,G RH,Duggan grabs his swing with his right hand first
Maddie,Duggan,Emon,M,6,24,2022,10:50:30,G RH,Duggan grabs swing with his right hand
M,Randy,Lcat,M,6,27,2022,10:08:07,G RH,Grab branch with Rh first. He was really fast this time so I'm not positive! But I think Rh first.
P,Rico,Emon,M,6,28,2022,9:35:36,G RH,Grasp silverberry branch with right hand. Hold tree with 3 other limbs.
P,Rico,Emon,M,6,28,2022,9:53:25,G RH,Grasp pine tree branch with right hand on top. Hold tree with 3 other limbs.
Maddie,Maddie,Emon,F,6,28,2022,14:22:54,G RH,Grasp branch with right hand on top.
Maddie,Maddie,Emon,F,6,28,2022,14:25:04,G RH,Grasp branch with right hand. Hold onto lower branch with other 3 limbs.
Maddie,Duggan,Emon,M,6,28,2022,15:46:14,G RH,Grasp enrichment item with right hand
X,Licinius,Lcat,M,6,29,2022,8:38:18,G RH,Grasp maple leaf with right hand. Holding tree with 4 limbs total.
X,Licinius,Lcat,M,6,29,2022,8:50:41,G RH,Hold onto branch with right hand on top while resting. Holding tree with 4 limbs total.
X,Licinius,Lcat,M,6,29,2022,9:01:51,G RH,Grasp tree with right hand on top
X,Sierra Mist,Lcat,F,6,29,2022,9:49:30,G RH,Grasp branch with right hand. Sitting with 2 feet. Holding onto branch with 3 limbs total (all except left hand)
X,Sierra Mist,Lcat,F,6,29,2022,10:06:05,G RH,"Grasp mesh fence with both hands, but right hand above left hand."
P,Rico,Emon,M,6,30,2022,9:40:28,G RH,Reach for silverberry with right hand
Furia,Thrax,Pcoq,M,7,1,2022,9:32:11,G RH,Switch to grasp pole with right hand on top
Furia,Thrax,Pcoq,M,7,1,2022,9:41:05,G RH,Grasp pole with right hand on top(cling with all 4 limbs) stop at 9:43:15
Furia,Thrax,Pcoq,M,7,1,2022,9:43:59,G RH,Switch to right hand is on top while clinging to pole.
Furia,Thrax,Pcoq,M,7,1,2022,9:50:23,G RH,Cling to pole with all 4 limbs. Right hand on top. Stop at 9:50:41
Furia,Furia,Pcoq,F,7,1,2022,9:51:48,G RH,Grasp pole with right hand on top(cling with all 4 limbs) stop at 9:43:15
Furia,Furia,Pcoq,F,7,1,2022,9:52:54,G RH,Grasp pole with both feet and with right hand. Left hand free. Stop at 9:53:27
Furia,Furia,Pcoq,F,7,1,2022,9:54:33,G RH,Grasp pole with both feet and with right hand. Left hand free.
Furia,Furia,Pcoq,F,7,1,2022,10:12:12,G RH,Grasp fence with right hand. Stop at 10:12:23
N,Rupert,Pcoq,M,7,6,2022,8:49:57,G RH,"Grasp mesh wall with right hand. 3 limbs, left hand free. Stop at 8:50:23"
N,Rupert,Pcoq,M,7,6,2022,8:52:46,G RH,Grasp mesh with all 4 limbs. Right hand on top. Stop at 8:52:59
N,Rupert,Pcoq,M,7,6,2022,9:04:06,G RH,"Grasp branch with all 4 limbs, right hand top. Stop at 9:04:28"
N,Rupert,Pcoq,M,7,6,2022,9:06:16,G RH,Grasp branch with 3 limbs (left hand free). Stop at 9:06:28
N,Rupert,Pcoq,M,7,6,2022,9:08:06,G RH,"Grasp branch with all 4 limbs, right hand on top. Stop at 9:08:17"
N,Rupert,Pcoq,M,7,6,2022,9:13:16,G RH,"Grasp pole with 3 limbs, left hand free. Stop at 9:13:23"
N,Rupert,Pcoq,M,7,6,2022,9:19:16,G RH,"Grasp branch with all 4 limbs, with right hand on top. Stop at 9:19:20"
N,Rupert,Pcoq,M,7,6,2022,9:33:30,G RH,"Grasp branch with all 4 limbs, right hand on top. Stop at 9:33:45"
M,Randy,Lcat,M,7,7,2022,8:33:08,G RH,"Grasp stick with right hand and put in mouth, then instantly drop."
N,Rupert,Pcoq,M,7,12,2022,8:45:54,G RH,Grasp branch with right hand. Resting with othre limbs all on another branch.
N,Rupert,Pcoq,M,7,12,2022,9:29:19,G RH,Grasp onto branch with just right hand. Feet are resting on a lower branch.
N,Rupert,Pcoq,M,7,12,2022,9:37:16,G RH,Grasp branch with just right hand. Feet are resting on a lower branch.
N,Gisela,Pcoq,M,7,13,2022,8:07:11,G RH,Grasp mesh with 3 limbs (no left hand). Right hand on top.
N,Gisela,Pcoq,M,7,13,2022,8:09:58,G RH,Grasp pole with just right hand while sitting on platform.
N,Gisela,Pcoq,M,7,13,2022,9:04:50,G RH,"Grasp branch with all 4 limbs, right hand on top. Stop at 9:05:11"
N,Gisela,Pcoq,M,7,13,2022,9:08:14,G RH,Grasp mesh with 3 limbs (no left hand) right hand on top. Stop at 9:08:27
N,Gisela,Pcoq,M,7,13,2022,9:11:06,G RH,"Grasp mesh with all 4 limbs, right hand on top"
N,Gisela,Pcoq,M,7,14,2022,9:27:47,G RH,Grasp mesh wall with right hand.
N,Gisela,Pcoq,M,7,14,2022,9:33:33,G RH,Grasp onto mesh with right hand
N,Gisela,Pcoq,M,7,14,2022,9:34:48,G RH,Grasp onto mesh with right hand
N,Gisela,Pcoq,M,7,14,2022,9:58:14,G RH,Grasp onto mesh wall with 3 limbs (no left hand) while resting.
N,Gisela,Pcoq,M,7,14,2022,10:02:39,G RH,Grasp onto mesh wall with 3 limbs (no left hand) while resting.
N,Gisela,Pcoq,M,7,14,2022,10:03:34,G RH,Grasp onto mesh wall with 3 limbs (no left hand) while resting.
N,Gisela,Pcoq,M,7,14,2022,10:05:50,G RH,"Grasp mesh wall with all 4 limbs, right hand on top"
M,Sophia,Lcat,F,6,21,2022,9:37:06,CL RF,"Sophia crosses her legs, with her right foot on top"
M,Sophia,Lcat,F,6,21,2022,9:57:25,CL RF,"Sophia crosses her legs, with her right foot on top"
M,Sophia,Lcat,F,6,21,2022,9:58:40,CL RF,"Sophia crosses her legs, with her right foot on top"
M,Sophia,Lcat,F,6,21,2022,10:08:02,CL RF,"Sophia crosses her legs, with her right foot on top. She then re-crosses her legs, more obviously with right foot on top this time. She uncrosses them at 10:08:33"
M,Sophia,Lcat,F,6,21,2022,10:09:15,CL RF,"Sophia crosses her legs, with her right foot on top"
M,Sophia,Lcat,F,6,21,2022,10:13:18,CL RF,"Sophia crosses her legs, with her right foot on top"
M,Sophia,Lcat,F,6,21,2022,10:15:17,CL RF,"Sophia crosses her legs, with her right foot on top"
M,Sophia,Lcat,F,6,27,2022,8:48:43,CL RF,Cross legs with right foot on top
M,Sophia,Lcat,F,6,27,2022,9:12:37,CL RF,Cross legs with right foot on top
M,Sophia,Lcat,F,6,30,2022,10:24:18,CL RF,Cross legs with right foot on top. Stop at 10:25:48
M,Sophia,Lcat,F,6,30,2022,10:35:29,CL RF,Cross legs with right foot on top
Furia,Thrax,Pcoq,M,7,1,2022,9:26:22,CL RF,Cross legs with right foot on top. Stop at 9:26:40
Furia,Thrax,Pcoq,M,7,1,2022,9:37:03,CL RF,Cross legs with right foot on top. Stop at 9:38:43
M,Randy,Lcat,M,7,7,2022,8:48:09,CL RF,Cross legs with right foot on top of left foot. Stop at around 8:54
M,Randy,Lcat,M,7,7,2022,8:59:09,CL RF,Cross legs with right foot on top of left foot. Stop at around 9:10
M,Sophia,Lcat,F,6,21,2022,9:58:05,BP LF,"Sophia locomotes bipedally, starting with her Left foot"
X,Licinius,Lcat,M,6,22,2022,9:46:20,BP LF,"Go upstairs, starting with left foot"
X,Licinius,Lcat,M,6,22,2022,9:50:25,BP LF,"Go downstairs, starting with left foot"
Furia,Furia,Pcoq,F,6,24,2022,8:56:33,BP LF,Move bipedally with left foot in front. Very short duration. Approx 3 seconds or less.
Furia,Furia,Pcoq,F,6,24,2022,8:57:34,BP LF,Move bipedally with left foot in front. Very short duration. Approx 2 seconds or less.
Furia,Furia,Pcoq,F,6,24,2022,8:57:55,BP LF,Move bipedally with left foot in front. Very short duration. Approx 4 seconds or less.
Furia,Thrax,Pcoq,M,6,24,2022,11:49:00,BP LF,Walks bipedally with left foot in front
Furia,Furia,Pcoq,F,6,27,2022,11:32:33,BP LF,"Walks on 2 legs, left foot in front"
Furia,Thrax,Pcoq,M,7,1,2022,9:05:40,BP LF,"Bipedal locomotion, left foot in front. Stop at 9:05:51"
Furia,Thrax,Pcoq,M,7,1,2022,9:07:08,BP LF,"Bipedal locomotion, left foot in front. Stop at 9:07:54"
Furia,Thrax,Pcoq,M,7,1,2022,9:07:43,BP LF,"Bipedal locomotion, left foot in front"
Furia,Thrax,Pcoq,M,7,1,2022,9:10:04,BP LF,"Bipedal locomotion, left foot in front"
Furia,Thrax,Pcoq,M,7,1,2022,9:29:26,BP LF,Walk bipedally with left foot in front
Furia,Thrax,Pcoq,M,7,1,2022,9:35:02,BP LF,Walk bipedally with left foot in front. Stop at 9:35:11
Furia,Thrax,Pcoq,M,7,6,2022,7:44:59,BP LF,"Walking bipedally, with left foot in front"
Furia,Thrax,Pcoq,M,7,6,2022,8:17:15,BP LF,Walking bipedally with left foot first. Stop at 8:17:35
Furia,Thrax,Pcoq,M,7,6,2022,8:18:06,BP LF,Walking bipedally with left foor first. Stop at 8:18:10
Furia,Thrax,Pcoq,M,7,6,2022,8:20:13,BP LF,Walking bipedally with left foot first.
Furia,Thrax,Pcoq,M,7,6,2022,8:33:31,BP LF,stop at 8:33:32
N,Gisela,Pcoq,M,7,14,2022,9:29:50,BP LF,Walk bipedally with left foot in front
N,Gisela,Pcoq,M,7,14,2022,9:30:40,BP LF,Walk bipedally with left foot in front
N,Gisela,Pcoq,M,7,14,2022,9:23:21,BP LF,"Walk on 2 legs, left foot front"
X,Sierra Mist,Lcat,F,6,22,2022,7:27:36,E RH,Eats locust with right hand
X,Sierra Mist,Lcat,F,6,22,2022,8:05:09,E RH,Eats unknown plant from right hand
X,Sierra Mist,Lcat,F,6,22,2022,8:06:30,E RH,Sierra eats unknown leaf from her right hand
P,Carolina,Emon,F,6,23,2022,8:40:24,E RH,Eats silverberry out of right hand
M,Randy,Lcat,M,6,23,2022,10:05:59,E RH,Eat chow with right hand. Now locked in outdoor cage.
M,Randy,Lcat,M,6,23,2022,10:07:43,E RH,Eat chow with right hand.
M,Randy,Lcat,M,6,23,2022,10:12:08,E RH,Eat broccoli with right hand
M,Randy,Lcat,M,6,23,2022,10:14:54,E RH,Eat chow with right hand
Maddie,Duggan,Emon,M,6,24,2022,9:55:02,E RH,Duggan eats chow with his right hand
Maddie,Duggan,Emon,M,6,24,2022,10:48:19,E RH,Duggan eats diet with his right hadn
Furia,Thrax,Pcoq,M,6,24,2022,11:07:23,E RH,Eat chow out of right hand
Furia,Thrax,Pcoq,M,6,24,2022,11:09:34,E RH,Eat lettuce and chow from right hand.
Furia,Thrax,Pcoq,M,6,24,2022,11:20:36,E RH,Eat from right hand.
Furia,Thrax,Pcoq,M,6,24,2022,11:22:40,E RH,Eats with right hand
Furia,Thrax,Pcoq,M,6,24,2022,11:28:44,E RH,Eat with right hand (diet)
Furia,Furia,Pcoq,F,6,27,2022,10:45:01,E RH,Eat unknown plant with right hand
Maddie,Maddie,Emon,F,6,28,2022,14:51:19,E RH,Eat chow out of right hand
Maddie,Maddie,Emon,F,6,28,2022,15:20:00,E RH,Eat pineapple with right hand
Maddie,Maddie,Emon,F,6,28,2022,15:01:49,E RH,Eat banana slice with right hand
Maddie,Duggan,Emon,M,6,28,2022,15:00:00,E RH,Eat pineapple with right hand
Maddie,Duggan,Emon,M,6,28,2022,15:02:02,E RH,Eat banana slice with right hand
Maddie,Duggan,Emon,M,6,28,2022,15:05:32,E RH,Eat banana slice with right hand
Maddie,Duggan,Emon,M,6,28,2022,15:07:30,E RH,Eats food from enrichment item from right hand
X,Licinius,Lcat,M,6,29,2022,8:34:17,E RH,Eat maple leaf with right hand. Holding tree with 4 limbs total.
Furia,Thrax,Pcoq,M,7,1,2022,9:13:15,E RH,Eat unknown leaf with right hand
Furia,Furia,Pcoq,F,7,1,2022,10:51:14,E RH,Eat peanut with right hand (from diet)
Furia,Furia,Pcoq,F,7,1,2022,10:51:46,E RH,Eat peanut with right hand (from diet)
Furia,Furia,Pcoq,F,7,1,2022,10:52:25,E RH,Eat diet with right hand
N,Licinius,Lcat,M,7,5,2022,8:38:04,E RH,Eat with right hand
N,Licinius,Lcat,M,7,5,2022,8:39:05,E RH,Eat with right hand
N,Licinius,Lcat,M,7,5,2022,8:39:52,E RH,Eat with right hand
N,Licinius,Lcat,M,7,5,2022,8:55:41,E RH,Eat with right hand
N,Licinius,Lcat,M,7,5,2022,8:56:08,E RH,Eat from right hand
N,Licinius,Lcat,M,7,5,2022,8:56:47,E RH,Eat from right hand
N,Sierra Mist,Lcat,F,7,5,2022,10:21:28,E RH,Eat chow from right hand
N,Sierra Mist,Lcat,F,7,5,2022,10:26:35,E RH,Eat chow from left hand
Furia,Thrax,Pcoq,M,7,6,2022,8:18:42,E RH,Eating pine needles with right hand. Stop at 8:20:27
Furia,Thrax,Pcoq,M,7,6,2022,8:32:10,E RH,unknown leaves
N,Rupert,Pcoq,M,7,6,2022,9:14:42,E RH,Eat stick with right hand
N,Rupert,Pcoq,M,7,6,2022,9:15:07,E RH,Switch stick back to right hand and eat. Stop at 9:15:36
Maddie,Duggan,Emon,M,7,8,2022,10:06:39,E RH,Eat pineapple (from diet) with right hand
Maddie,Duggan,Emon,M,7,8,2022,10:07:27,E RH,Eat sweet potato (from diet) with right hand
Maddie,Duggan,Emon,M,7,8,2022,10:11:10,E RH,Eat chow from right hand
Maddie,Duggan,Emon,M,7,8,2022,10:12:16,E RH,Eat chow from right hand
Maddie,Duggan,Emon,M,7,8,2022,10:15:58,E RH,Eat chow from right hand
Maddie,Duggan,Emon,M,7,8,2022,10:16:31,E RH,Eat chow from right hand
Maddie,Duggan,Emon,M,7,8,2022,10:21:16,E RH,Eat chow with right hand
N,Rupert,Pcoq,M,7,12,2022,9:00:42,E RH,Eat chow from right hand
N,Rupert,Pcoq,M,7,12,2022,9:01:01,E RH,Eat chow from right hand
N,Rupert,Pcoq,M,7,12,2022,9:01:27,E RH,Eat chow from right hand
N,Rupert,Pcoq,M,7,12,2022,9:01:46,E RH,Eat carrot from diet with right hand
N,Rupert,Pcoq,M,7,12,2022,9:03:50,E RH,Eat carrot from diet with right hand
N,Rupert,Pcoq,M,7,12,2022,9:09:13,E RH,"Eat kale from diet with right hand. WHile doing so, grasp onto mesh wall with left hand."
N,Rupert,Pcoq,M,7,12,2022,9:10:15,E RH,Eat chow from right hand
N,Rupert,Pcoq,M,7,12,2022,9:12:05,E RH,Eat chow from right hand
N,Rupert,Pcoq,M,7,12,2022,9:13:19,E RH,Eat chow from right hand
N,Rupert,Pcoq,M,7,12,2022,9:18:50,E RH,Eat carrot from diet with right hand
N,Rupert,Pcoq,M,7,12,2022,9:21:34,E RH,Eat broccoli from diet with right had
N,Rupert,Pcoq,M,7,12,2022,9:29:21,E RH,Eat chow from right hand
N,Rupert,Pcoq,M,7,12,2022,9:41:17,E RH,Eat stick from right hand.
N,Rupert,Pcoq,M,7,12,2022,9:46:02,E RH,Eat chow from right hand
N,Gisela,Pcoq,M,7,13,2022,7:59:19,E RH,Eat leaf with right hand
N,Gisela,Pcoq,M,7,13,2022,8:06:02,E RH,"Eat leaf with right hand. At same time, grasp pole with left hand and both feet. Stop at 8:06:35"
N,Gisela,Pcoq,M,7,13,2022,8:17:11,E RH,Eat chow with right hand
N,Gisela,Pcoq,M,7,13,2022,8:17:47,E RH,Eat leaf from right hand
N,Gisela,Pcoq,M,7,13,2022,8:47:53,E RH,Eat peanut with right hand (given by care tech so Silas can be taken for vet appointment)
N,Gisela,Pcoq,M,7,14,2022,9:31:04,E RH,Eat chow from right hand
N,Gisela,Pcoq,M,7,14,2022,9:31:18,E RH,Eat chow from right hand
X,Sierra Mist,Lcat,F,6,22,2022,8:07:59,LA LF,Sierra lands on the ground with her left foot touching the ground first
M,Sophia,Lcat,F,6,27,2022,9:09:00,LA LF,Land on ground with left foot touching ground first
Furia,Thrax,Pcoq,M,7,6,2022,7:43:46,LA LF,"Jump from ledge to other ledge, lending with left foot first"
X,Sierra Mist,Lcat,F,6,22,2022,8:12:14,QP RH,Walks on 4 legs. Right hand is first to move.
Maddie,Duggan,Emon,M,6,24,2022,10:02:24,QP RH,"Duggan walks on all 4, starting with his right front limb."
Maddie,Duggan,Emon,M,6,24,2022,10:30:52,QP RH,"Moves on all 4s, starting with right hand."
Maddie,Duggan,Emon,M,6,24,2022,10:36:59,QP RH,"Moves on all 4s, starting with right hand."
M,Sophia,Lcat,F,6,27,2022,8:24:22,QP RH,Sophia walks on 4 legs. Right hand is first to move.
M,Sophia,Lcat,F,6,27,2022,8:28:58,QP RH,Sophia turns around on pole. She starts walking with her right hand
M,Sophia,Lcat,F,6,27,2022,8:37:04,QP RH,"Starts walking for a short period, Rh first"
M,Sophia,Lcat,F,6,27,2022,8:38:07,QP RH,Sophia walks on 4 legs. Right hand is first to move.
X,Licinius,Lcat,M,6,22,2022,9:33:10,F LH,Forage with left hand
X,Licinius,Lcat,M,6,22,2022,9:45:30,F LH,Forage with left hand
X,Licinius,Lcat,M,6,22,2022,9:47:44,F LH,Forage with left hand
P,Carolina,Emon,F,6,23,2022,8:34:56,F LH,Forage with left hand (silverberry)
P,Carolina,Emon,F,6,23,2022,8:39:04,F LH,Forage with left hand
Furia,Furia,Pcoq,F,6,24,2022,9:04:34,F LH,Forage with left hand
Furia,Thrax,Pcoq,M,6,24,2022,11:31:29,F LH,Forages tulipopper plant with left hand. Stops at 11:34:44. Then starts again at 11:34:53
Furia,Thrax,Pcoq,M,6,24,2022,11:37:37,F LH,Forages dog fennel with left hand
Furia,Thrax,Pcoq,M,6,24,2022,11:39:41,F LH,Forages dog fennel with left hand
Furia,Thrax,Pcoq,M,6,24,2022,11:43:10,F LH,Forages dog fennel with left hand
Furia,Thrax,Pcoq,M,6,24,2022,11:44:06,F LH,Forage dog fennel with left hand
Furia,Thrax,Pcoq,M,6,24,2022,11:46:19,F LH,Forage dog fennel with left hand
Furia,Thrax,Pcoq,M,6,24,2022,11:48:53,F LH,Forages at grass through fence with left hand
M,Sophia,Lcat,F,6,27,2022,9:18:17,F LH,Sophia forages with her left hand
N,Licinius,Lcat,M,7,5,2022,8:58:32,F LH,Forage with left hand
P,Carolina,Emon,F,6,23,2022,9:21:52,F LH?,"Forage with left hand, then switch to right"
M,Randy,Lcat,M,6,23,2022,9:49:20,HC RH,"Randy clasps hands, right hand is on top"
M,Randy,Lcat,M,6,23,2022,10:04:08,SG RF,"Uses right foot to scratch right eat, lick right foot"
Furia,Furia,Pcoq,F,6,24,2022,8:32:59,SG RF,Self-groom with right foot
Furia,Furia,Pcoq,F,6,27,2022,10:52:02,SG RF,Scratch ear with left foot. Lick left foot.
Furia,Furia,Pcoq,F,6,27,2022,11:11:42,SG RF,Scratch ear with right foot
Furia,Furia,Pcoq,F,6,24,2022,8:33:33,G LH?,"Rest while holding branch to left hand, then switch to right hand."
Furia,Furia,Pcoq,F,6,24,2022,8:35:23,CL LF,Cross legs with left foot on top
Furia,Furia,Pcoq,F,6,24,2022,8:46:42,BP RF,Move bipedally with right foot in front. Stop at 8:47
Furia,Furia,Pcoq,F,6,24,2022,8:49:40,BP RF,Move bipedally with right foot in front. Stop at 8:51:40
Furia,Furia,Pcoq,F,6,24,2022,8:52:14,BP RF,Move bipedally with right foot in front. Stop at 8:52:38
Furia,Furia,Pcoq,F,6,24,2022,8:54:33,BP RF,Move bipedally with right foot in front.
Furia,Furia,Pcoq,F,6,24,2022,8:58:25,BP RF,Move bipedally for short duration (approx 3 sec) with right foot in front
Furia,Furia,Pcoq,F,6,24,2022,9:01:47,BP RF,Move bipedally for short duration (approx 3 sec) with right foot in front
Furia,Furia,Pcoq,F,6,24,2022,9:10:30,BP RF,Move bipedally with right foot in front. Stop at 9:10:50
Furia,Furia,Pcoq,F,6,24,2022,9:12:34,BP RF,Move bipedally with right foot in front. Stop at 9:13:00
Furia,Furia,Pcoq,F,6,24,2022,9:14:49,BP RF,"Move bipedally with right foot in front for approx 4 sec, then stop. Then do it again for approx 4 sec."
Furia,Furia,Pcoq,F,6,24,2022,9:21:36,BP RF,Moves bipedally with right foot in front. Stop at 9:21:46
Furia,Furia,Pcoq,F,6,24,2022,9:22:48,BP RF,Move bipedally with right foot in front. Stop at 9:22:52
Furia,Thrax,Pcoq,M,6,24,2022,11:17:20,BP RF,Thrax moves bipedally with his right foot in front.
Furia,Thrax,Pcoq,M,6,24,2022,11:31:17,BP RF,Moves bipedally with right foot in front. Stop at 9:21:46
Furia,Furia,Pcoq,F,6,27,2022,11:30:25,BP RF,"Walks on 2 legs, right foot in front"
Furia,Thrax,Pcoq,M,7,1,2022,8:57:40,BP RF,"Bipedal locomotion, left foot in front"
Furia,Thrax,Pcoq,M,7,1,2022,8:59:11,BP RF,"Bipedal locomotion, left foot in front"
Furia,Thrax,Pcoq,M,7,1,2022,9:21:53,BP RF,Walk bipedally with right foot in front. Stop at 9:22:11
Furia,Thrax,Pcoq,M,7,1,2022,9:23:15,BP RF,Walk bipedally with right foot in front. Stop at 9:23:22
Furia,Thrax,Pcoq,M,7,1,2022,9:27:04,BP RF,Walk bipedally with right foot in front. 
Furia,Thrax,Pcoq,M,7,1,2022,9:38:49,BP RF,Walk bipedally with right foot in front. Stop at 9:38:54
Furia,Furia,Pcoq,F,7,1,2022,10:05:30,BP RF,Walk bipedally with right foot in front. Stop at 10:05:41
Furia,Furia,Pcoq,F,7,1,2022,10:06:40,BP RF,Walk bipedally with right foot in front. Stop at 10:07:44
Furia,Furia,Pcoq,F,7,1,2022,10:09:25,BP RF,Walk bipedally with right foot in front. Stop at 10:09:34
Furia,Furia,Pcoq,F,7,1,2022,10:31:10,BP RF,Walk bipedally with right foot in front. Stop at 10:31:18
Furia,Thrax,Pcoq,M,7,6,2022,7:45:23,BP RF,"Walking bipedally, with right foot in front"
Furia,Thrax,Pcoq,M,7,6,2022,8:39:36,BP RF,Walk bipedally with right foot in front
N,Gisela,Pcoq,M,7,14,2022,9:24:40,BP RF,Walk bipedally with right foot in front
Maddie,Duggan,Emon,M,6,24,2022,10:20:23,SG LI LH,Duggan self-grooms my licking his left hand. I guess he could also be doing it to cool himself down. He stops at 10:25:30
M,Randy,Lcat,M,6,27,2022,9:44:38,SG LI LH,Self grooms by licking spur on left hand.
M,Randy,Lcat,M,6,27,2022,9:48:47,SG LI LH,Lick spur on left hand
Maddie,Maddie,Emon,F,6,29,2022,11:32:57,SG LI LH,Self grooms by licking left hand. Stops at 11:33:12
Maddie,Duggan,Emon,M,6,24,2022,10:27:40,QP LH,Duggan moves on all 4s. He moves his left hand first.
M,Randy,Lcat,M,6,27,2022,9:27:26,QP LH,
M,Randy,Lcat,M,6,27,2022,10:01:11,QP LH,Walk on all 4's starting with left hand
M,Randy,Lcat,M,6,27,2022,10:02:32,QP LH,"Walk on all 4's starting with left hand/right foot. I realized at this point the the catta walk in a diagonal pattern, so the hand walks with the foot on the opposite site."
Furia,Thrax,Pcoq,M,6,24,2022,11:21:58,E LH RH,"Eats very fast, using both hands"
M,Sophia,Lcat,F,6,27,2022,8:27:35,E F LH,Sophia picks up a leaf and eats it from her left hand
Furia,Thrax,Pcoq,M,7,6,2022,8:31:00,E F LH,unknown leaves
M,Sophia,Lcat,F,6,27,2022,8:36:21,L RH G,Sophia grabs top of outdoor wage with Rh to swing onto branch
X,Licinius,Lcat,M,6,29,2022,8:49:22,L RH G,Jump to other tree branch with right hand on top.
M,Sophia,Lcat,F,6,27,2022,8:46:59,QP LF,"Walk on 4 legs, Rh first."
M,Randy,Lcat,M,6,27,2022,9:42:10,LA LH,Land on camp stool with left hand first
Maddie,Maddie,Emon,F,7,8,2022,9:03:54,LA LH,Land on mesh wall with left hand on top
M,Randy,Lcat,M,6,27,2022,9:46:03,SG LI RH,Licking and chewing spur on left hand
M,Randy,Lcat,M,6,27,2022,9:53:07,SG LH,Groom left hand with mouth
M,Randy,Lcat,M,6,27,2022,9:53:59,RH LH F,"Randy grabs his poop with his right hand and licks it. He does this for about 5 minutes, always grabbing with his right hand."
M,Randy,Lcat,M,6,27,2022,9:59:45,F RH E,"Forage for pinecone with right hand. Eats with both hands at first, then moves to just right hand."
N,Licinius,Lcat,M,7,5,2022,9:02:01,F RH E,Forage and eat with right hand
N,Licinius,Lcat,M,7,5,2022,9:03:21,F RH E,Forage and eat with right hand
N,Licinius,Lcat,M,7,5,2022,9:05:35,F RH E,Forage and eat with right hand
N,Licinius,Lcat,M,7,5,2022,9:08:16,F RH E,Forage and eat with right hand
Furia,Furia,Pcoq,F,6,27,2022,10:46:18,G LH R,Holds branch with left hand while resting.
Furia,Furia,Pcoq,F,6,27,2022,11:29:22,G LH R,Hold branch with left hand on top while resting
P,Rico,Emon,M,6,30,2022,9:32:42,G LH R,Rest on tree. Cling to tree with left hand on top
P,Rico,Emon,M,6,30,2022,10:12:09,G LH R,Rest on tree. Cling to tree with left hand on top
Furia,Thrax,Pcoq,M,7,1,2022,9:02:17,G LH R,Rest while grasping fence mesh with left hand. Sitting on ground
Furia,Thrax,Pcoq,M,7,1,2022,9:28:21,G LH R,Grasp pole with left hand while sitting
Furia,Thrax,Pcoq,M,7,1,2022,9:29:10,G LH R,Switch to grasp pole with left hand while sitting. Stop at 9:29:29
Furia,Furia,Pcoq,F,7,1,2022,10:25:36,G LH R,Grasp mesh fence with left hand while resting on ground. Stop at 10:27:01
N,Rupert,Pcoq,M,7,12,2022,8:25:59,G LH R,"Grasp mesh with all 4 limbs, left hand on top"
N,Rupert,Pcoq,M,7,12,2022,8:46:27,G LH R,Grasp mesh with all 4 limbs. Left hand on top.
N,Rupert,Pcoq,M,7,12,2022,8:47:07,G LH R,Grasp branch with all 4 limbs while resting. Left hand on top.
N,Rupert,Pcoq,M,7,12,2022,8:47:54,G LH R,Grasp wall with 4 limbs (no right hand). Left hand is on top. Resting.
N,Rupert,Pcoq,M,7,12,2022,8:48:17,G LH R,"While resting, grab branch with left hand."
N,Gisela,Pcoq,M,7,13,2022,8:00:40,G LH R,Grasp mesh with left hand resting
N,Gisela,Pcoq,M,7,13,2022,8:02:44,G LH R,Grasp mesh with just left hand while resting and sitting on the floor. Stop at 8:03:09
N,Gisela,Pcoq,M,7,13,2022,8:04:11,G LH R,"While resting, grasp mesh with 3 limbs (no right hand). Left hand on top. Stop at 8:04:42."
N,Gisela,Pcoq,M,7,13,2022,8:10:54,G LH R,Grasp mesh with just left hand while sitting and resting.
N,Gisela,Pcoq,M,7,14,2022,9:49:58,G LH R,"While resting, hold onto mesh wall with left hand and left foot. Stop at 9:50:18"
N,Gisela,Pcoq,M,7,14,2022,10:04:05,G LH R,"While resting, hold onto mesh wall with 3 limbs (no right hand). Stop at 10:04:12"
N,Gisela,Pcoq,M,7,14,2022,10:10:10,G LH R,Grasp onto branch with just left hand while resting.
Furia,Furia,Pcoq,F,6,27,2022,11:03:51,SG RH,Touch face with right hand
N,Gisela,Pcoq,M,7,14,2022,9:29:33,SG RH,Sniff and lick right hand
Furia,Furia,Pcoq,F,6,27,2022,11:33:19,G RH F,Grasp leaves with left hand
P,Rico,Emon,M,6,28,2022,9:09:18,G RH F,Grasp bamboo with right hand. Hold tree with 3 other limbs
P,Rico,Emon,M,6,28,2022,9:10:01,G RH F,Grasp bamboo with right hand. Hold tree with 3 other limbs
P,Rico,Emon,M,6,28,2022,9:11:16,G RH F,Grasp bamboo with right hand. Hold tree with 3 other limbs
P,Rico,Emon,M,6,28,2022,9:11:55,G RH F,Grasp silverberry leaf with right hand. Hold tree with 3 other limbs
P,Rico,Emon,M,6,28,2022,9:12:28,G RH F,Grasp silverberry leaf with right hand. Hold tree with 3 other limbs. Then add left hand.
P,Rico,Emon,M,6,28,2022,9:13:12,G RH F,Grasp silverberry leaf with right hand. Hold tree with 3 other limbs.
P,Rico,Emon,M,6,28,2022,9:13:52,G RH F,Grasp silverberry leaf with right hand. Hold tree with 3 other limbs.
P,Rico,Emon,M,6,28,2022,9:20:53,G RH F,Grasp silverberry with right hand
P,Rico,Emon,M,6,28,2022,9:23:02,G RH F,Hold branch with 3 other limbs
X,Licinius,Lcat,M,6,29,2022,9:11:53,G RH F,Grasp branch with right hand while foraging.
X,Licinius,Lcat,M,6,29,2022,9:13:24,G RH F,Grasp branch with right hand while foraging.
P,Rico,Emon,M,6,30,2022,9:20:14,G RH F,Forage oak leaves with right hand
Furia,Furia,Pcoq,F,6,27,2022,11:38:31,G RF,Grasp branch with right foot on on top of left foot. Resting and holding the branch with both feet
P,Rico,Emon,M,6,28,2022,8:59:00,G LF,"Whole holding branch with 3 limbs, reaches out and grasps leaves with left hand."
P,Rico,Emon,M,6,28,2022,8:59:57,G LF,"Whole holding branch with 3 limbs, reaches out and grasps leaves with left hand."
N,Rupert,Pcoq,M,7,6,2022,9:29:45,G LF,Grasp side of hole to pass between enclosures with left foot on top. Grasping with 2 limbs (both feet). Stop at 9:30:08
P,Rico,Emon,M,6,28,2022,9:03:44,G RH L,Leap and grasp branch with right hand on top
P,Rico,Emon,M,6,28,2022,9:31:12,G RH L,Grasp bamboo tree with right hand on top. Hold tree with 3 other limbs.
Maddie,Maddie,Emon,F,6,28,2022,14:14:16,G RH L,Grasp cage wire with right hand on top
Maddie,Duggan,Emon,M,6,28,2022,15:45:00,G RH L,Grasp branch with right hand
X,Licinius,Lcat,M,6,29,2022,8:33:15,G RH L,Grasp branch with right hand on top
X,Sierra Mist,Lcat,F,6,29,2022,9:59:46,G RH L,"Whole locomoting, grasp branch with right hand on top"
N,Gisela,Pcoq,M,7,13,2022,8:44:00,G RH L,"While moving, grasp onto mesh wall with all 4 limbs. Right hand on top. Stop at 8:44:12"
N,Gisela,Pcoq,M,7,14,2022,9:23:08,G RH L,Grasp branch above with right hand
P,Rico,Emon,M,6,28,2022,9:08:21,F G RH,"Grasp bamboo leaf with tight hand, then switch to left hand. Holding onto tree with 3 limbs."
P,Carolina,Emon,F,6,28,2022,10:47:13,F G RH,Grasp silverberry branch with right hand.
P,Rico,Emon,M,6,30,2022,9:31:26,F G RH,Forage silverberry with right hand
P,Rico,Emon,M,6,28,2022,9:14:48,G RH F E,Grasp and eat silverberry branch with right hand. Hold tree with 3 other limbs.
P,Rico,Emon,M,6,28,2022,9:26:05,G RH F E,Grasp silverberry branch with and eat with right hand. Hold tree with 3 other limbs.
X,Sierra Mist,Lcat,F,6,29,2022,10:02:11,G RH F E,Grasp and eat from silverberry branch with right hand.
X,Sierra Mist,Lcat,F,6,29,2022,10:03:42,G RH F E,Grasp silverberry branch with right hand on top and eat.
P,Rico,Emon,M,6,28,2022,9:15:16,G F LH,Grasp silverberry branch with left hand. Hold tree with 3 other limbs.
P,Rico,Emon,M,6,28,2022,9:16:58,G F LH,Grasp silverberry branch with left hand. Hold tree with 3 other limbs.
P,Rico,Emon,M,6,28,2022,9:17:33,G F LH,Grasp silverberry branch with left hand. Hold tree with 3 other limbs.
P,Rico,Emon,M,6,28,2022,9:18:48,G F LH,Grasp silverberry branch with left hand. Hold tree with 3 other limbs.
P,Carolina,Emon,F,6,30,2022,8:30:44,G F LH,Grasp silverberry with left hand on top
P,Carolina,Emon,F,6,30,2022,8:36:00,G F LH,Grasp silverberry plant with left hand
P,Rico,Emon,M,6,30,2022,9:37:40,G F LH,Forage silverberry with left hand
P,Rico,Emon,M,6,30,2022,9:39:44,G F LH,Forage silverberry with left hand
P,Rico,Emon,M,6,30,2022,10:07:39,G F LH,Forage silverberry with left hand
P,Rico,Emon,M,6,30,2022,10:11:57,G F LH,Forage silverberry with left hand
P,Rico,Emon,M,6,28,2022,9:15:54,G F RH E,Grasp and eat silverberry branch with right hand. Hold tree with 3 other limbs.
P,Rico,Emon,M,6,28,2022,9:17:50,G F RH E,Grasp and eat silverberry branch with right hand. Hold tree with 3 other limbs.
P,Rico,Emon,M,6,28,2022,9:18:08,G F RH E,Grasp and eat silverberry branch with right hand. Hold tree with 3 other limbs.
P,Rico,Emon,M,6,28,2022,9:18:20,G F RH E,Grasp and eat silverberry branch with right hand. Hold tree with 3 other limbs.
P,Carolina,Emon,F,6,30,2022,8:25:26,G F RH E,Grasp silverberry with right hand and eat
P,Carolina,Emon,F,6,30,2022,8:28:29,G F RH E,Grasp and eat silverberry with right hand on top
P,Rico,Emon,M,6,30,2022,10:09:18,G F RH E,Forage and eat bamboo with right hand
P,Rico,Emon,M,6,30,2022,10:09:42,G F RH E,Forage and eat bamboo with right hand
P,Rico,Emon,M,6,28,2022,9:17:13,G F RH,Grasp silverberry branch with right hand. Hold tree with 3 other limbs.
P,Rico,Emon,M,6,28,2022,9:19:09,G F RH,Grasp silverberry branch with right hand. Hold tree with 3 other limbs.
P,Rico,Emon,M,6,28,2022,9:19:30,G F RH,Grasp silverberry branch with right hand. Hold tree with 3 other limbs.
P,Carolina,Emon,F,6,30,2022,8:19:06,G F RH,"Grab silverberry with right hand on top, holding with both hands."
P,Carolina,Emon,F,6,30,2022,8:25:00,G F RH,Grasp silverberry with right hand on top
P,Carolina,Emon,F,6,30,2022,8:27:44,G F RH,Grasp silverberry with right hand on top
P,Carolina,Emon,F,6,30,2022,8:28:14,G F RH,Grasp silverberry with right hand on top
P,Carolina,Emon,F,6,30,2022,8:33:14,G F RH,Grasp silverberry plant with right hand
P,Carolina,Emon,F,6,30,2022,8:34:00,G F RH,Grasp silverberry plant with right hand
P,Carolina,Emon,F,6,30,2022,8:36:13,G F RH,Grasp silverberry plant with right hand
P,Carolina,Emon,F,6,30,2022,8:36:42,G F RH,Grasp silverberry with right hand
P,Rico,Emon,M,6,30,2022,9:38:31,G F RH,Forage silverberry with right hand
P,Rico,Emon,M,6,30,2022,9:39:02,G F RH,Forage silverberry with right hand
P,Rico,Emon,M,6,30,2022,9:39:24,G F RH,Forage silverberry with right hand
P,Rico,Emon,M,6,30,2022,10:07:12,G F RH,Forage silverberry with right hand
P,Rico,Emon,M,6,30,2022,10:10:13,G F RH,Forage silverberry with right hand
P,Rico,Emon,M,6,30,2022,10:11:27,G F RH,Forage bamboo with right hand
P,Rico,Emon,M,6,30,2022,10:14:40,G F RH,Forage silverberry with right hand
P,Rico,Emon,M,6,30,2022,10:15:34,G F RH,Forage silverberry with right hand
P,Rico,Emon,M,6,30,2022,10:16:13,G F RH,Forage silverberry with right hand
P,Rico,Emon,M,6,30,2022,10:16:40,G F RH,Forage silverberry with right hand
P,Rico,Emon,M,6,30,2022,10:16:55,G F RH,Forage silverberry with right hand
P,Rico,Emon,M,6,30,2022,10:17:19,G F RH,Forage silverberry with right hand
P,Rico,Emon,M,6,30,2022,10:17:51,G F RH,Forage silverberry with right hand
P,Rico,Emon,M,6,30,2022,10:18:18,G F RH,Forage silverberry with right hand
P,Rico,Emon,M,6,30,2022,10:18:31,G F RH,Forage silverberry with right hand
P,Rico,Emon,M,6,28,2022,9:19:51,G LH F,"Grasp silverberry with left hand, then hold with both hands."
P,Rico,Emon,M,6,28,2022,9:20:12,G LH F,"Grasp silverberry with left hand, then hold with both hands."
P,Rico,Emon,M,6,28,2022,9:23:58,G LH F,"Grasp branch with left hand, then add right hand. Hold tree with 3 other limbs."
P,Rico,Emon,M,6,28,2022,9:24:44,G LH F,Grasp bamboo leaf with left hand. Hold tree with 3 other limbs.
X,Sierra Mist,Lcat,F,6,29,2022,9:59:24,G LH F,"Grasp branch with both hands, but left hand on top."
P,Rico,Emon,M,6,28,2022,9:25:26,G LH F E,Grasp silverberry branch with and eat with left hand. Hold tree with 3 other limbs.
P,Rico,Emon,M,6,28,2022,9:25:55,G LH F E,Grasp silverberry branch with and eat with left hand. Hold tree with 3 other limbs.
X,Licinius,Lcat,M,6,29,2022,9:14:26,G LH F E,Grasp branch with left hand to eat from
X,Licinius,Lcat,M,6,29,2022,9:17:58,G LH F E,Grasp branch with left hand on top and eat (grapevine)
X,Licinius,Lcat,M,6,29,2022,9:18:54,G LH F E,Grasp grapevine branch with left hand and eat.
X,Sierra Mist,Lcat,F,6,29,2022,10:01:18,G LH F E,"Grasp and eat from silverberry branch with both hands, but left hand on top."
X,Sierra Mist,Lcat,F,6,29,2022,10:03:54,G LH F E,Grasp silverberry branch with left hand on top and eat. Steadying branch with right hand on bottom.
P,Rico,Emon,M,6,30,2022,9:21:37,G LH F E,Forage and eat oak hands with left hand
P,Rico,Emon,M,6,30,2022,9:22:34,G LH F E,Forage and eat oak hands with left hand
P,Carolina,Emon,F,6,28,2022,10:16:04,R RH,Resting on tree with 3 limbs. Holding with both feet and right hand.
P,Carolina,Emon,F,6,28,2022,10:21:24,L LH,Going down branch with left hand on top.
Maddie,Maddie,Emon,F,6,28,2022,14:14:10,L LH,Leap to branch with left hand on top.
X,Licinius,Lcat,M,6,29,2022,8:48:47,L LH,Locomote down tree with left hand on top
P,Carolina,Emon,F,6,30,2022,8:39:43,L LH,Leap to tree with left hand on top
P,Rico,Emon,M,6,30,2022,9:28:53,L LH,Leap to tree with left hand on top
P,Rico,Emon,M,6,30,2022,10:06:32,L LH,Leap three times with left hand on top
Maddie,Maddie,Emon,F,6,28,2022,14:15:18,G L RH,Grasp branch with right hand on top.
P,Carolina,Emon,F,6,30,2022,8:52:38,G L RH,"Grasp branch with right hand first, then left hand, then climb up."
Maddie,Maddie,Emon,F,6,28,2022,14:19:07,L RH QP,Walk onto branch with right hand first.
Maddie,Maddie,Emon,F,6,28,2022,14:47:50,LH G L,"Grab ""door frame"" to indoor enclosure with left hand"
Maddie,Maddie,Emon,F,6,28,2022,14:56:10,LH G L,Grasp branch with left hand
Maddie,Maddie,Emon,F,7,8,2022,9:11:14,LH G L,Land on mesh wall with left hand on top then climb up
N,Gisela,Pcoq,M,7,14,2022,9:31:28,LH G L,Grasp mesh with all 4 limbs while locomoting. Left hand on top.
Maddie,Maddie,Emon,F,6,28,2022,14:50:59,G RH E,Grab and eat chow with right hand
Maddie,Maddie,Emon,F,6,28,2022,14:52:14,G RH E,Grasp and eat chow with right hand.
Maddie,Maddie,Emon,F,6,28,2022,14:52:40,G RH E,Grasp and eat chow with right hand.
Maddie,Maddie,Emon,F,6,28,2022,14:53:02,G RH E,Grasp and eat chow with right hand.
Maddie,Duggan,Emon,M,6,28,2022,15:09:20,G RH E,Eat food from enrichment item from right hand
X,Licinius,Lcat,M,6,29,2022,8:43:42,G RH E,Grasp and eat maple leaf with right hand. Holding tree with 4 limbs total.
Maddie,Maddie,Emon,F,6,28,2022,15:08:07,E RH ,Eat banana slice with right hand
Maddie,Duggan,Emon,M,6,28,2022,15:06:00,OTHER RH,Tries to take enrichment item from Clarence
N,Gisela,Pcoq,M,7,14,2022,9:25:50,OTHER RH,Reach for hand in mouth in right hand (did not actually grasp)
X,Licinius,Lcat,M,6,29,2022,8:33:57,G LH E,Grasp and eat maple leaf with left hand. Holding tree with 4 limbs total.
M,Sophia,Lcat,F,6,30,2022,10:36:57,G LH E,Get chow out of bowl with mouth. Take chow out of mouth with left hand and eat from left hand.
M,Sophia,Lcat,F,6,30,2022,10:38:56,G LH E,Get chow out of bowl with mouth. Take chow out of mouth with left hand and eat from left hand.
M,Sophia,Lcat,F,6,30,2022,10:41:32,G LH E,Get chow out of bowl with mouth. Take chow out of mouth with left hand and eat from left hand.
M,Sophia,Lcat,F,6,30,2022,10:42:35,G LH E,Get chow out of bowl with mouth. Take chow out of mouth with left hand and eat from left hand.
M,Sophia,Lcat,F,6,30,2022,10:47:30,G LH E,Get chow out of bowl with mouth. Take chow out of mouth with left hand and eat from left hand.
M,Sophia,Lcat,F,6,30,2022,10:57:02,G LH E,Get chow out of bowl with mouth. Take chow out of mouth with left hand and eat from left hand.
M,Sophia,Lcat,F,6,30,2022,11:01:59,G LH E,Get chow out of bowl with mouth. Take chow out of mouth with left hand and eat from left hand.
X,Licinius,Lcat,M,6,29,2022,9:23:47,G RH R,Rest while holding onto branch with all 4 limbs. Right hand on top.
Furia,Thrax,Pcoq,M,7,1,2022,8:54:53,G RH R,Rest while grasping pole with right hand
Furia,Thrax,Pcoq,M,7,1,2022,9:28:59,G RH R,Switch to grasp pole with right hand while sitting.
Furia,Thrax,Pcoq,M,7,6,2022,7:47:05,G RH R,"While resting, grasp onto branch with all 4 limbs, right hand on top"
Furia,Thrax,Pcoq,M,7,6,2022,7:48:06,G RH R,"While resting, grasp onto branch with 3 limbs (left hand not grasping) with right hand on top. Stop at 7:49:04"
Furia,Thrax,Pcoq,M,7,6,2022,7:51:16,G RH R,Grasp branch with resting with all 4 limbs. Right hand on top.
Furia,Thrax,Pcoq,M,7,6,2022,8:14:34,G RH R,Sit on ledge while resting. Hold onto pole with just right hand
Maddie,Maddie,Emon,F,7,8,2022,9:26:50,G RH R,Grasp branch with right hand (no other limbs) while resting.
Maddie,Maddie,Emon,F,7,8,2022,9:39:11,G RH R,"While resting, hold onto mesh wall with both hands and right hand on top."
N,Rupert,Pcoq,M,7,12,2022,8:50:20,G RH R,"Grasp mesh wall with all 4 limbs, right hand on top"
N,Rupert,Pcoq,M,7,12,2022,8:29:43,G RH R,Grasp mesh with only right hand while resting
N,Rupert,Pcoq,M,7,12,2022,8:31:47,G RH R,Grasp door frame with only right hand while resting
N,Rupert,Pcoq,M,7,12,2022,8:34:15?,G RH R,"While resting, hold onto branch with all 4 limbs, right hand on top"
N,Rupert,Pcoq,M,7,12,2022,8:47:36,G RH R,Grasp onto wall with all 4 limbs. Left hand on top. Resting.
N,Rupert,Pcoq,M,7,12,2022,8:48:35,G RH R,Grasp mesh with right hand and both feet while resting.
N,Rupert,Pcoq,M,7,12,2022,8:53:08,G RH R,Resting while holding onto mesh with all 4 limbs. Right hand on top.
N,Rupert,Pcoq,M,7,12,2022,9:15:53,G RH R,Grasp onto mesh with 3 limbs (no left hand). Right hand on top. Resting.
N,Gisela,Pcoq,M,7,13,2022,7:58:15,G RH R,Grasp mesh with just right hand while resting
N,Gisela,Pcoq,M,7,14,2022,9:37:03,G RH R,"While resting, grasp onto beanch with right hand. Stop at 9:37:09"
N,Gisela,Pcoq,M,7,14,2022,9:52:42,G RH R,Grasp onto mesh wall with 3 limbs (no left hand) while resting.
X,Sierra Mist,Lcat,F,6,29,2022,9:36:47,RH L QP,Moves on all 4's starting with right hand
X,Sierra Mist,Lcat,F,6,29,2022,9:39:00,F G RH E,Grasp and eat grass with rigth hand
X,Sierra Mist,Lcat,F,6,29,2022,9:39:18,F G RH E,Grasp and eat grass with rigth hand
Furia,Thrax,Pcoq,M,7,1,2022,9:12:39,F G RH E,Forage and eat unknown leaf with right hand.
Furia,Thrax,Pcoq,M,7,1,2022,9:15:14,F G RH E,Forage and eat unknown leaf with right hand.
Furia,Thrax,Pcoq,M,7,1,2022,9:16:36,F G RH E,Forage and eat with right hand
Furia,Thrax,Pcoq,M,7,1,2022,9:18:13,F G RH E,Forage and eat with right hand
X,Sierra Mist,Lcat,F,6,29,2022,10:01:49,G LH E F,Grasp and eat from silverberry branch with left hand.
Maddie,Maddie,Emon,F,6,29,2022,10:45:33,L QP RH,"Walk on 4 legs, moving right hand first."
P,Carolina,Emon,F,6,30,2022,8:23:54,G F LH E,Grab silverberry with left hand and eat
P,Carolina,Emon,F,6,30,2022,8:25:47,G F LH E,Grasp silverberry with left hand and eat
P,Carolina,Emon,F,6,30,2022,8:27:13,G F LH E,Grasp silverberry plant with left hand and eat
P,Rico,Emon,M,6,30,2022,9:38:13,G F LH E,Forage and eat silverberry with left hand
P,Rico,Emon,M,6,30,2022,10:13:37,G F LH E,Forage and eat silverberry with left hand
P,Rico,Emon,M,6,30,2022,10:15:04,G F LH E,Forage and eat silverberry with left hand
P,Carolina,Emon,F,6,30,2022,8:26:42,G F E RH,Grasp silverberry with right hand and eat
P,Carolina,Emon,F,6,30,2022,8:31:35,G F LH RH,"Grasp silverberry with left hand first, then right hand on top"
P,Carolina,Emon,F,6,30,2022,8:32:10,G F LH RH,"Grasp silverberry with right hand first, then left hand on top"
P,Carolina,Emon,F,6,30,2022,8:43:36,LH F G E,Forage and eat evergreen leaves with left hand
P,Carolina,Emon,F,6,30,2022,8:43:49,RH F G E,Forage and eat evergreen leaves with right hand
P,Carolina,Emon,F,6,30,2022,8:45:37,R G LH,Rest while holding branch with left hand
N,Rupert,Pcoq,M,7,12,2022,8:50:59,R G LH,"While resting, grab mesh with just left hand"
P,Carolina,Emon,F,6,30,2022,8:53:24,LH L G,Leap to tree and grasp with left hand on top
P,Rico,Emon,M,6,30,2022,9:35:57,LH L G,Leap with left hand on top of branch
N,Gisela,Pcoq,M,7,14,2022,9:49:29,LH L G,"Leap and grasp pole with all 4 limbs, left hand top"
P,Carolina,Emon,F,6,30,2022,9:05:46,RH L,Leap with right hand on top of branch
P,Rico,Emon,M,6,30,2022,10:12:59,RH L,Leap to tree with right hand on top
P,Rico,Emon,M,6,30,2022,9:19:07,R RH G,Rest while clinging onto branch with right hand on top
P,Rico,Emon,M,6,30,2022,9:26:53,G RH L F,"Grasp oak twig with left hand, but did not eat"
P,Rico,Emon,M,6,30,2022,9:29:41,F G LH,Forage silverberry with left hand
P,Rico,Emon,M,6,30,2022,9:33:04,RH R G,Rest on tree with right hand on top
P,Rico,Emon,M,6,30,2022,9:43:44,RH R G,Rest on branch with right hand on top
Maddie,Maddie,Emon,F,7,8,2022,9:22:26,RH R G,Hold onto mesh wall while resting with right hand on top. Holding with both hands and no feet.
P,Rico,Emon,M,6,30,2022,9:33:34,LH G F E,Forage and eat bamboo leaf with left hand
P,Rico,Emon,M,6,30,2022,9:55:20,LH G F E,Forage and eat bamboo leaf with left hand
P,Rico,Emon,M,6,30,2022,9:36:48,RH L G,Leap with right hand on top of branch
Furia,Thrax,Pcoq,M,7,1,2022,9:10:14,F G LH E,Forage and eat unknown leaf. Left hand on top right hand supporting botton of branch
Furia,Thrax,Pcoq,M,7,1,2022,9:12:49,F G LH E,Forage and eat unknown leaf with left hand
Furia,Thrax,Pcoq,M,7,1,2022,9:13:25,F G LH E,Forage and eat unknown leaf with left hand. Stop at 9:15:11
Furia,Thrax,Pcoq,M,7,1,2022,9:15:39,F G LH E,Switch hands. Now forage and eat unknown leaf with left hand. Stop at 9:15:38
Furia,Thrax,Pcoq,M,7,1,2022,9:16:04,F G LH E,Forage and eat with left hand
Furia,Thrax,Pcoq,M,7,1,2022,9:16:22,F G LH E,Forage and eat with left hand
Furia,Thrax,Pcoq,M,7,1,2022,9:16:52,F G LH E,Forage and eat with left hand
Furia,Thrax,Pcoq,M,7,1,2022,9:17:21,F G LH E,Forage and eat with left hand
Furia,Thrax,Pcoq,M,7,1,2022,9:18:23,F G LH E,Forage and eat with left hand
Furia,Thrax,Pcoq,M,7,1,2022,9:19:39,F G LH E,Forage and eat with left hand
Furia,Thrax,Pcoq,M,7,1,2022,9:18:41,F G E RH,Forage and eat with right hand on top. Stop at 9:19:14
Furia,Thrax,Pcoq,M,7,1,2022,9:19:28,F G E RH,Forage and eat with right hand
Furia,Thrax,Pcoq,M,7,1,2022,9:20:03,F G E RH,Forage and eat with right hand. Stop at 9:21:34
Furia,Thrax,Pcoq,M,7,1,2022,9:31:45,G LH ,Grasp pole with left hand on top
Furia,Furia,Pcoq,F,7,1,2022,10:16:24,F RH G E,Laying on back. Grasps and eats unknown grass with right hand. Very cute and adorable.
N,Licinius,Lcat,M,7,5,2022,8:28:31,BP RH,Right hand first (going down steps)
N,Licinius,Lcat,M,7,5,2022,8:36:58,F E LH,Forage and eat with left hand
N,Licinius,Lcat,M,7,5,2022,8:57:43,F E LH,Forage and eat with left hand
N,Licinius,Lcat,M,7,5,2022,8:58:13,F E LH,Forage and eat with left hand
N,Licinius,Lcat,M,7,5,2022,8:59:24,F E LH,Forage and eat with left hand
N,Sierra Mist,Lcat,F,7,5,2022,9:34:33,F E LH,Forage and eat unknown grass with left hand
N,Sierra Mist,Lcat,F,7,5,2022,9:35:42,F E LH,Forage and eat unknown grass with right hand
N,Sierra Mist,Lcat,F,7,5,2022,9:36:35,F E LH,Forage and eat unknown grass with left hand
N,Sierra Mist,Lcat,F,7,5,2022,9:38:44,F E LH,Forage and eat unknown grass with left hand
N,Sierra Mist,Lcat,F,7,5,2022,9:43:58,F E LH,Forage and eat unknown grass with left hand
Furia,Thrax,Pcoq,M,7,6,2022,8:28:13,F E LH,Forage and eat muscovy grapevine with left hand.
Furia,Thrax,Pcoq,M,7,6,2022,8:29:37,F E LH,Forage and eat muscovy grapevine with left hand.
N,Licinius,Lcat,M,7,5,2022,8:37:35,F E RH,Forage and eat with right hand
N,Sierra Mist,Lcat,F,7,5,2022,9:32:25,F E RH,Forage and eat unknown grass with right hand
N,Sierra Mist,Lcat,F,7,5,2022,9:36:06,F E RH,Forage and eat unknown grass with right hand
N,Sierra Mist,Lcat,F,7,5,2022,9:37:53,F E RH,Forage and eat unknown grass with right hand
N,Sierra Mist,Lcat,F,7,5,2022,9:40:35,F E RH,Forage and eat unknown grass with right hand
N,Sierra Mist,Lcat,F,7,5,2022,9:42:43,F E RH,Forage and eat unknown grass with right hand
N,Sierra Mist,Lcat,F,7,5,2022,9:43:11,F E RH,Forage and eat unknown grass with right hand
N,Sierra Mist,Lcat,F,7,5,2022,9:44:14,F E RH,Forage and eat unknown grass with right hand
N,Sierra Mist,Lcat,F,7,5,2022,9:44:22,F E RH,Forage and eat unknown grass with right hand
N,Sierra Mist,Lcat,F,7,5,2022,9:44:56,F E RH,Forage and eat unknown grass with right hand
N,Sierra Mist,Lcat,F,7,5,2022,10:18:14,F E RH,Forage and eat unknown grass with right hand
Furia,Thrax,Pcoq,M,7,6,2022,8:27:00,F E RH,Forage and eat muscovy grapevine with right hand. Stop at 8:28:01
N,Licinius,Lcat,M,7,5,2022,8:45:42,RH R,Right hand hold branch while sitting on the ground and resting. Stop at 8:47:15
N,Licinius,Lcat,M,7,5,2022,9:04:31,F LH E,Forage and eat with left hand
Furia,Thrax,Pcoq,M,7,6,2022,7:43:30,HC LH,Hand clasp with left hand on top
Furia,Thrax,Pcoq,M,7,6,2022,8:13:48,HC LH,Hand clasp with left hand on top. Stop at 8:14:21
Furia,Thrax,Pcoq,M,7,6,2022,8:16:13,HC LH,Hand clasp with left hand on top.
Furia,Thrax,Pcoq,M,7,6,2022,7:46:39,RH G R,"While resting, grasp onto branch with all 4 limbs, right hand on top"
N,Rupert,Pcoq,M,7,12,2022,8:33:15,RH G R,Hold onto branch with right hand while resting
N,Rupert,Pcoq,M,7,12,2022,8:55:55,RH G R,"While resting, grasp onto mesh wall with just right hand."
M,Randy,Lcat,M,7,7,2022,8:27:10,G SM RH,Grasp pole while scentmarking with right hand on top
M,Randy,Lcat,M,7,7,2022,8:45:49,G LH LH,Jump onto mesh wall before climging up with left hand on top
Maddie,Maddie,Emon,F,7,8,2022,8:49:27,LF LA,Land on branch left foot first
Maddie,Maddie,Emon,F,7,8,2022,8:50:31,LF BP,"Walk bipedally, left foot first"
Maddie,Maddie,Emon,F,7,8,2022,8:53:19,LH LA,Land on wire mesh with left hand on top
Maddie,Maddie,Emon,F,7,8,2022,9:18:24,RH LA,Land on branch with right hand first
Maddie,Maddie,Emon,F,7,8,2022,9:46:19,LH H R,"While resting, hold onto mesh wall with left hand and no othe rlimbs"
N,Rupert,Pcoq,M,7,12,2022,8:33:39,LH G,Grasp mesh with left hand
N,Rupert,Pcoq,M,7,12,2022,8:55:04,LH G,Grasp onto pole with all 4 limbs. Left hand on top.
N,Rupert,Pcoq,M,7,12,2022,8:34:16,G LH L,Grasp branch from above with left hand while locomoting
N,Rupert,Pcoq,M,7,12,2022,8:51:27,G LH L,"Grasp branch with all 4 limbs. Left hand on top. Climbing down, with left hand on top the whole time."
N,Rupert,Pcoq,M,7,12,2022,8:34:38,R LH G,Hold onto branch with left hand and both feet
N,Rupert,Pcoq,M,7,12,2022,8:39:54,RH G,"Grasp mesh with all 4 hands, right hand on top"
N,Rupert,Pcoq,M,7,12,2022,8:55:14,RH G,Grasp onto pole with all 4 limbs. Right hand on top.
N,Gisela,Pcoq,M,7,13,2022,8:01:01,RH G,Grasp mesh with 4 limbs while resting. Right hand on top.
N,Rupert,Pcoq,M,7,12,2022,8:56:29,LH G R,"While resting, grasp onto mesh with just left hand."
N,Rupert,Pcoq,M,7,12,2022,9:03:22,L LH G,Leap to pole and grasp with all 4 limbs. Right hand on top.
N,Gisela,Pcoq,M,7,13,2022,8:19:46,L LH G,"Climb up pole. Holding pole with all 4 limbs, but left hand on top the whole time."
N,Gisela,Pcoq,M,7,14,2022,9:50:45,L LH G,Leap to pole and grasp with all 4 limbs. Left hand on top.
N,Gisela,Pcoq,M,7,13,2022,8:39:00,HO RH LI,Hold and lick piece of cardboard with right hand
N,Gisela,Pcoq,M,7,14,2022,9:36:22,G LH LF R,"While resting, grasp onto mesh wall with left hand and left foot"
